{"airline_n": [-1.0, 17.0], "category": [0.0, 8.0], "clasificacion_destino_n": [0.0, 13.5], "class_n": [-1.0, 7.5], "desc_actual_n": [0.0, 8.5], "distance_to_city_center_km": [0.1, 0.9949999999999999], "entornos_n": [0.0, 0.0], "estimated_price_eur_x": [74.86, 2875.1800000000003], "estimated_price_eur_y": [83.06, 466.4200000000001], "flight_duration_hr": [1.5, 26.050000000000004], "flight_price": [81.37, 3125.185], "humedad_actual": [16.0, 123.5], "perfil_viajero_n": [0.0, 5.0], "popularidad_reddit": [100.0, 100.0], "precipitacion": [0.0, 0.5], "stops_n": [-1.0, 5.0], "temp_actual": [0.3, 42.05], "temp_max": [7.200000000000001, 29.599999999999998], "temp_min": [-18.9, 24.1], "temporada_n": [0.0, 5.0]}